<?xml version="1.0" encoding="UTF-8"?>
<GGK:envelopRetourbericht-ggk_Du01 
xmlns:StUF="http://www.egem.nl/StUF/StUF0301" 
xmlns:GGK="http://www.stufstandaarden.nl/sectormodel/ggk/0210" 
xmlns:xsi="http://www.w3.org/2001/XMLSchema-instance" 
xmlns:xmime="http://www.w3.org/2005/05/xmlmime">
	<GGK:stuurgegevens>
		<StUF:berichtcode>Du01</StUF:berichtcode>
		<StUF:zender>
			<StUF:organisatie>01023456</StUF:organisatie>
			<StUF:applicatie>Applicatie leverancier</StUF:applicatie>
			<StUF:administratie>test</StUF:administratie>
			<StUF:gebruiker>gebruiker1</StUF:gebruiker>
		</StUF:zender>
		<StUF:ontvanger>
			<StUF:organisatie>0484</StUF:organisatie>
			<StUF:applicatie>GGk</StUF:applicatie>
			<StUF:administratie>test</StUF:administratie>
			<StUF:gebruiker>gebruiker1</StUF:gebruiker>
		</StUF:ontvanger>
		<StUF:referentienummer>b6e9f182-bc44-4f27-9863-9a5ccc1e1cf0</StUF:referentienummer>
		<StUF:tijdstipBericht>20160422142804</StUF:tijdstipBericht>
		<StUF:crossRefnummer>9c0f7b90-5c69-11e5-a837-0800200c9a66</StUF:crossRefnummer>
		<StUF:functie>WMO302</StUF:functie>
	</GGK:stuurgegevens>
	<GGK:parameters>
		<GGK:referentienummerBericht>234567890123</GGK:referentienummerBericht>
		<GGK:crossRefnummerBericht>123456789012</GGK:crossRefnummerBericht>
		<GGK:applicatieVersie>0004</GGK:applicatieVersie>
		<GGK:applicatieSubversie>0003</GGK:applicatieSubversie>
		<GGK:functieVersie>0001</GGK:functieVersie>
		<GGK:functieSubversie>0001</GGK:functieSubversie>
		<GGK:bericht StUF:bestandsnaam="WMO302.txt" xmime:contentType="application/xml">SGllciBzdGFhdCBoZXQgcmV0b3VyYmVyaWNodA==</GGK:bericht>
	</GGK:parameters>
</GGK:envelopRetourbericht-ggk_Du01>
